{"glmm_h0": -156.30990600585938, "priors": -0.0019999947398900986, "gaussian": 0.11177952587604523, "bernoulli": -6.194701671600342, "slab_spike": -4.6077775955200195, "shell": -5.565157890319824, "rastrigin": -23.782331466674805, "rosenbrock": -9.467662811279297, "himmelblau": -4.613486289978027, "glmm_h1": -156.23533630371094, "disaster": -176.7713165283203, "eggbox": -15.126633644104004}